"0","colonization <- raw_colonization %>% clean_names() %>% filter(., seedling != ""MM058"")"
"0","water_potl <- raw_water_potl %>% clean_names() %>% rename(seedling = plant, notes_WP =notes) %>% mutate(water_potential_m_pa = ifelse(seedling == ""MM058"",NA, water_potential_m_pa),                                                                                   notes_WP=ifelse(seedling == ""MM058"",""water potential coded as NA 11 Apr 2022 OT"", notes_WP)) %>% filter(., seedling!=""MM058"")"
"0",""
"0","#w2 <- water_potl %>% group_by(seedling) %>%filter(n()>1) # check for duplicated (MM048 actually MM058, entry_number = 95)"
"0","# SO MM058 is potentailly double measured, coded as ""NA"" for future measurements"
"0","# c2 <-colonization %>%  group_by(seedling) %>% filter(n()>1)"
