{"chunk_definitions":[{"row":9,"row_count":1,"visible":true,"expansion_state":0,"options":{"engine":"r","label":"unnamed-chunk-19"},"document_id":"7AC368D7","chunk_id":"cni8lez570c5y","chunk_label":"unnamed-chunk-1"},{"row":14,"row_count":1,"visible":true,"expansion_state":0,"options":{"engine":"r","message":false,"label":"unnamed-chunk-20"},"document_id":"7AC368D7","chunk_id":"c6nlnc7sr71tl","chunk_label":"unnamed-chunk-2"},{"row":25,"row_count":1,"visible":true,"expansion_state":0,"options":{"engine":"r","label":"unnamed-chunk-32"},"document_id":"7AC368D7","chunk_id":"cgw2oksy9s3en","chunk_label":"unnamed-chunk-3"},{"row":33,"row_count":1,"visible":true,"expansion_state":0,"options":{"engine":"r","label":"unnamed-chunk-42"},"document_id":"7AC368D7","chunk_id":"czoarcn5e9zz0","chunk_label":"unnamed-chunk-4"}],"doc_write_time":1649699701}